{
  "type": "minecraft:entity",
  "pools": [
    {
      "rolls": 1,
      "entries": [
        {
          "type": "minecraft:item",
          "name": "minecraft:dragon_head",
          "conditions": [
            {
              "condition": "minecraft:random_chance",
              "chance": 0.025
            },
            {
              "condition": "minecraft:random_chance_with_looting",
              "chance": 0.025,
              "looting_multiplier": 0.01
            }
          ]
        }
      ]
    }
  ]
}