{
  "type": "minecraft:chest",
  "pools": [
    {
      "rolls": {
        "min": 1.0,
        "max": 2.0,
        "type": "minecraft:uniform"
      },
      "entries": [
        {
          "type": "minecraft:item",
          "weight": 30,
          "functions": [
            {
              "function": "minecraft:set_count",
              "count": {
                "min": 2.0,
                "max": 7.0,
                "type": "minecraft:uniform"
              }
            },
            {
              "function": "minecraft:set_nbt",
              "tag": "{Potion:\"minecraft:poison\"}"
            }
          ],
          "name": "minecraft:tipped_arrow"
        }
      ]
    }
  ]
}