{
    "type": "minecraft:entity",
    "pools": [
      {
        "rolls": 1,
        "entries": [
          {
            "type": "minecraft:item",
            "name": "minecraft:music_disc_pigstep",
            "conditions": [
              {
                "condition": "minecraft:damage_source_properties",
                "predicate": {
                  "is_projectile": true,
                  "source_entity": {
                    "type": "minecraft:piglin"
                  }
                }
              }
            ]
          }
        ]
      }
    ]
  }