{
    "condition": "minecraft:inverted",
    "term": {
      "condition": "minecraft:alternative",
      "terms": [
        {
          "condition": "minecraft:inverted",
          "term": {
            "condition": "minecraft:weather_check",
            "raining": true,
            "thundering": false
          }
        },
        {
          "condition": "minecraft:inverted",
          "term": {
            "condition": "minecraft:alternative",
            "terms": [
              {
                "condition": "minecraft:time_check",
                "value": {
                  "min": 23499,
                  "max": 23999
                },
                "period": 24000
              },
              {
                "condition": "minecraft:time_check",
                "value": {
                  "min": 0,
                  "max": 500
                },
                "period": 24000
              }
            ]
          }
        }
      ]
    }
  }