{
  "display": {
    "icon": {
      "item": "orange_bed"
    },
    "title": "The Courtesy Call",
    "description": "Good morning. You have been in suspension for nine nine nine...",
    "frame": "challenge",
    "show_toast": true,
    "announce_to_chat": true,
    "hidden": false
  },
  "parent": "mcpeachpies:the_wake_up_call",
  "criteria": {
    
    "1": {
      "trigger": "minecraft:impossible"
  },
  "2": {
      "trigger": "minecraft:impossible"
  },
  "3": {
      "trigger": "minecraft:impossible"
  },
  "4": {
      "trigger": "minecraft:impossible"
  },
  "5": {
      "trigger": "minecraft:impossible"
  },
  "6": {
      "trigger": "minecraft:impossible"
  },
  "7": {
      "trigger": "minecraft:impossible"
  },
  "8": {
      "trigger": "minecraft:impossible"
  },
  "9": {
      "trigger": "minecraft:impossible"
  },
  "10": {
      "trigger": "minecraft:impossible"
  },
  "11": {
      "trigger": "minecraft:impossible"
  },
  "12": {
      "trigger": "minecraft:impossible"
  },
  "13": {
      "trigger": "minecraft:impossible"
  },
  "14": {
      "trigger": "minecraft:impossible"
  },
  "15": {
      "trigger": "minecraft:impossible"
  },
  "16": {
      "trigger": "minecraft:impossible"
  },
  "17": {
      "trigger": "minecraft:impossible"
  },
  "18": {
      "trigger": "minecraft:impossible"
  },
  "19": {
      "trigger": "minecraft:impossible"
  },
  "20": {
      "trigger": "minecraft:impossible"
  },
  "21": {
      "trigger": "minecraft:impossible"
  },
  "22": {
      "trigger": "minecraft:impossible"
  },
  "23": {
      "trigger": "minecraft:impossible"
  },
  "24": {
      "trigger": "minecraft:impossible"
  },
  "25": {
      "trigger": "minecraft:impossible"
  },
  "26": {
      "trigger": "minecraft:impossible"
  },
  "27": {
      "trigger": "minecraft:impossible"
  },
  "28": {
      "trigger": "minecraft:impossible"
  },
  "29": {
      "trigger": "minecraft:impossible"
  },
  "30": {
      "trigger": "minecraft:impossible"
  },
  "31": {
      "trigger": "minecraft:impossible"
  },
  "32": {
      "trigger": "minecraft:impossible"
  },
  "33": {
      "trigger": "minecraft:impossible"
  },
  "34": {
      "trigger": "minecraft:impossible"
  },
  "35": {
      "trigger": "minecraft:impossible"
  },
  "36": {
      "trigger": "minecraft:impossible"
  },
  "37": {
      "trigger": "minecraft:impossible"
  },
  "38": {
      "trigger": "minecraft:impossible"
  },
  "39": {
      "trigger": "minecraft:impossible"
  },
  "40": {
      "trigger": "minecraft:impossible"
  },
  "41": {
      "trigger": "minecraft:impossible"
  },
  "42": {
      "trigger": "minecraft:impossible"
  },
  "43": {
      "trigger": "minecraft:impossible"
  },
  "44": {
      "trigger": "minecraft:impossible"
  },
  "45": {
      "trigger": "minecraft:impossible"
  },
  "46": {
      "trigger": "minecraft:impossible"
  },
  "47": {
      "trigger": "minecraft:impossible"
  },
  "48": {
      "trigger": "minecraft:impossible"
  },
  "49": {
      "trigger": "minecraft:impossible"
  },
  "50": {
      "trigger": "minecraft:impossible"
  },
  "51": {
      "trigger": "minecraft:impossible"
  },
  "52": {
      "trigger": "minecraft:impossible"
  },
  "53": {
      "trigger": "minecraft:impossible"
  },
  "54": {
      "trigger": "minecraft:impossible"
  },
  "55": {
      "trigger": "minecraft:impossible"
  },
  "56": {
      "trigger": "minecraft:impossible"
  },
  "57": {
      "trigger": "minecraft:impossible"
  },
  "58": {
      "trigger": "minecraft:impossible"
  },
  "59": {
      "trigger": "minecraft:impossible"
  },
  "60": {
      "trigger": "minecraft:impossible"
  },
  "61": {
      "trigger": "minecraft:impossible"
  },
  "62": {
      "trigger": "minecraft:impossible"
  },
  "63": {
      "trigger": "minecraft:impossible"
  },
  "64": {
      "trigger": "minecraft:impossible"
  },
  "65": {
      "trigger": "minecraft:impossible"
  },
  "66": {
      "trigger": "minecraft:impossible"
  },
  "67": {
      "trigger": "minecraft:impossible"
  },
  "68": {
      "trigger": "minecraft:impossible"
  },
  "69": {
      "trigger": "minecraft:impossible"
  },
  "70": {
      "trigger": "minecraft:impossible"
  },
  "71": {
      "trigger": "minecraft:impossible"
  },
  "72": {
      "trigger": "minecraft:impossible"
  },
  "73": {
      "trigger": "minecraft:impossible"
  },
  "74": {
      "trigger": "minecraft:impossible"
  },
  "75": {
      "trigger": "minecraft:impossible"
  },
  "76": {
      "trigger": "minecraft:impossible"
  },
  "77": {
      "trigger": "minecraft:impossible"
  },
  "78": {
      "trigger": "minecraft:impossible"
  },
  "79": {
      "trigger": "minecraft:impossible"
  },
  "80": {
      "trigger": "minecraft:impossible"
  },
  "81": {
      "trigger": "minecraft:impossible"
  },
  "82": {
      "trigger": "minecraft:impossible"
  },
  "83": {
      "trigger": "minecraft:impossible"
  },
  "84": {
      "trigger": "minecraft:impossible"
  },
  "85": {
      "trigger": "minecraft:impossible"
  },
  "86": {
      "trigger": "minecraft:impossible"
  },
  "87": {
      "trigger": "minecraft:impossible"
  },
  "88": {
      "trigger": "minecraft:impossible"
  },
  "89": {
      "trigger": "minecraft:impossible"
  },
  "90": {
      "trigger": "minecraft:impossible"
  },
  "91": {
      "trigger": "minecraft:impossible"
  },
  "92": {
      "trigger": "minecraft:impossible"
  },
  "93": {
      "trigger": "minecraft:impossible"
  },
  "94": {
      "trigger": "minecraft:impossible"
  },
  "95": {
      "trigger": "minecraft:impossible"
  },
  "96": {
      "trigger": "minecraft:impossible"
  },
  "97": {
      "trigger": "minecraft:impossible"
  },
  "98": {
      "trigger": "minecraft:impossible"
  },
  "99": {
      "trigger": "minecraft:impossible"
  },
  "100": {
      "trigger": "minecraft:impossible"
  },
  "101": {
      "trigger": "minecraft:impossible"
  },
  "102": {
      "trigger": "minecraft:impossible"
  },
  "103": {
      "trigger": "minecraft:impossible"
  },
  "104": {
      "trigger": "minecraft:impossible"
  },
  "105": {
      "trigger": "minecraft:impossible"
  },
  "106": {
      "trigger": "minecraft:impossible"
  },
  "107": {
      "trigger": "minecraft:impossible"
  },
  "108": {
      "trigger": "minecraft:impossible"
  },
  "109": {
      "trigger": "minecraft:impossible"
  },
  "110": {
      "trigger": "minecraft:impossible"
  },
  "111": {
      "trigger": "minecraft:impossible"
  },
  "112": {
      "trigger": "minecraft:impossible"
  },
  "113": {
      "trigger": "minecraft:impossible"
  },
  "114": {
      "trigger": "minecraft:impossible"
  },
  "115": {
      "trigger": "minecraft:impossible"
  },
  "116": {
      "trigger": "minecraft:impossible"
  },
  "117": {
      "trigger": "minecraft:impossible"
  },
  "118": {
      "trigger": "minecraft:impossible"
  },
  "119": {
      "trigger": "minecraft:impossible"
  },
  "120": {
      "trigger": "minecraft:impossible"
  },
  "121": {
      "trigger": "minecraft:impossible"
  },
  "122": {
      "trigger": "minecraft:impossible"
  },
  "123": {
      "trigger": "minecraft:impossible"
  },
  "124": {
      "trigger": "minecraft:impossible"
  },
  "125": {
      "trigger": "minecraft:impossible"
  },
  "126": {
      "trigger": "minecraft:impossible"
  },
  "127": {
      "trigger": "minecraft:impossible"
  },
  "128": {
      "trigger": "minecraft:impossible"
  },
  "129": {
      "trigger": "minecraft:impossible"
  },
  "130": {
      "trigger": "minecraft:impossible"
  },
  "131": {
      "trigger": "minecraft:impossible"
  },
  "132": {
      "trigger": "minecraft:impossible"
  },
  "133": {
      "trigger": "minecraft:impossible"
  },
  "134": {
      "trigger": "minecraft:impossible"
  },
  "135": {
      "trigger": "minecraft:impossible"
  },
  "136": {
      "trigger": "minecraft:impossible"
  },
  "137": {
      "trigger": "minecraft:impossible"
  },
  "138": {
      "trigger": "minecraft:impossible"
  },
  "139": {
      "trigger": "minecraft:impossible"
  },
  "140": {
      "trigger": "minecraft:impossible"
  },
  "141": {
      "trigger": "minecraft:impossible"
  },
  "142": {
      "trigger": "minecraft:impossible"
  },
  "143": {
      "trigger": "minecraft:impossible"
  },
  "144": {
      "trigger": "minecraft:impossible"
  },
  "145": {
      "trigger": "minecraft:impossible"
  },
  "146": {
      "trigger": "minecraft:impossible"
  },
  "147": {
      "trigger": "minecraft:impossible"
  },
  "148": {
      "trigger": "minecraft:impossible"
  },
  "149": {
      "trigger": "minecraft:impossible"
  },
  "150": {
      "trigger": "minecraft:impossible"
  },
  "151": {
      "trigger": "minecraft:impossible"
  },
  "152": {
      "trigger": "minecraft:impossible"
  },
  "153": {
      "trigger": "minecraft:impossible"
  },
  "154": {
      "trigger": "minecraft:impossible"
  },
  "155": {
      "trigger": "minecraft:impossible"
  },
  "156": {
      "trigger": "minecraft:impossible"
  },
  "157": {
      "trigger": "minecraft:impossible"
  },
  "158": {
      "trigger": "minecraft:impossible"
  },
  "159": {
      "trigger": "minecraft:impossible"
  },
  "160": {
      "trigger": "minecraft:impossible"
  },
  "161": {
      "trigger": "minecraft:impossible"
  },
  "162": {
      "trigger": "minecraft:impossible"
  },
  "163": {
      "trigger": "minecraft:impossible"
  },
  "164": {
      "trigger": "minecraft:impossible"
  },
  "165": {
      "trigger": "minecraft:impossible"
  },
  "166": {
      "trigger": "minecraft:impossible"
  },
  "167": {
      "trigger": "minecraft:impossible"
  },
  "168": {
      "trigger": "minecraft:impossible"
  },
  "169": {
      "trigger": "minecraft:impossible"
  },
  "170": {
      "trigger": "minecraft:impossible"
  },
  "171": {
      "trigger": "minecraft:impossible"
  },
  "172": {
      "trigger": "minecraft:impossible"
  },
  "173": {
      "trigger": "minecraft:impossible"
  },
  "174": {
      "trigger": "minecraft:impossible"
  },
  "175": {
      "trigger": "minecraft:impossible"
  },
  "176": {
      "trigger": "minecraft:impossible"
  },
  "177": {
      "trigger": "minecraft:impossible"
  },
  "178": {
      "trigger": "minecraft:impossible"
  },
  "179": {
      "trigger": "minecraft:impossible"
  },
  "180": {
      "trigger": "minecraft:impossible"
  },
  "181": {
      "trigger": "minecraft:impossible"
  },
  "182": {
      "trigger": "minecraft:impossible"
  },
  "183": {
      "trigger": "minecraft:impossible"
  },
  "184": {
      "trigger": "minecraft:impossible"
  },
  "185": {
      "trigger": "minecraft:impossible"
  },
  "186": {
      "trigger": "minecraft:impossible"
  },
  "187": {
      "trigger": "minecraft:impossible"
  },
  "188": {
      "trigger": "minecraft:impossible"
  },
  "189": {
      "trigger": "minecraft:impossible"
  },
  "190": {
      "trigger": "minecraft:impossible"
  },
  "191": {
      "trigger": "minecraft:impossible"
  },
  "192": {
      "trigger": "minecraft:impossible"
  },
  "193": {
      "trigger": "minecraft:impossible"
  },
  "194": {
      "trigger": "minecraft:impossible"
  },
  "195": {
      "trigger": "minecraft:impossible"
  },
  "196": {
      "trigger": "minecraft:impossible"
  },
  "197": {
      "trigger": "minecraft:impossible"
  },
  "198": {
      "trigger": "minecraft:impossible"
  },
  "199": {
      "trigger": "minecraft:impossible"
  },
  "200": {
      "trigger": "minecraft:impossible"
  },
  "201": {
      "trigger": "minecraft:impossible"
  },
  "202": {
      "trigger": "minecraft:impossible"
  },
  "203": {
      "trigger": "minecraft:impossible"
  },
  "204": {
      "trigger": "minecraft:impossible"
  },
  "205": {
      "trigger": "minecraft:impossible"
  },
  "206": {
      "trigger": "minecraft:impossible"
  },
  "207": {
      "trigger": "minecraft:impossible"
  },
  "208": {
      "trigger": "minecraft:impossible"
  },
  "209": {
      "trigger": "minecraft:impossible"
  },
  "210": {
      "trigger": "minecraft:impossible"
  },
  "211": {
      "trigger": "minecraft:impossible"
  },
  "212": {
      "trigger": "minecraft:impossible"
  },
  "213": {
      "trigger": "minecraft:impossible"
  },
  "214": {
      "trigger": "minecraft:impossible"
  },
  "215": {
      "trigger": "minecraft:impossible"
  },
  "216": {
      "trigger": "minecraft:impossible"
  },
  "217": {
      "trigger": "minecraft:impossible"
  },
  "218": {
      "trigger": "minecraft:impossible"
  },
  "219": {
      "trigger": "minecraft:impossible"
  },
  "220": {
      "trigger": "minecraft:impossible"
  },
  "221": {
      "trigger": "minecraft:impossible"
  },
  "222": {
      "trigger": "minecraft:impossible"
  },
  "223": {
      "trigger": "minecraft:impossible"
  },
  "224": {
      "trigger": "minecraft:impossible"
  },
  "225": {
      "trigger": "minecraft:impossible"
  },
  "226": {
      "trigger": "minecraft:impossible"
  },
  "227": {
      "trigger": "minecraft:impossible"
  },
  "228": {
      "trigger": "minecraft:impossible"
  },
  "229": {
      "trigger": "minecraft:impossible"
  },
  "230": {
      "trigger": "minecraft:impossible"
  },
  "231": {
      "trigger": "minecraft:impossible"
  },
  "232": {
      "trigger": "minecraft:impossible"
  },
  "233": {
      "trigger": "minecraft:impossible"
  },
  "234": {
      "trigger": "minecraft:impossible"
  },
  "235": {
      "trigger": "minecraft:impossible"
  },
  "236": {
      "trigger": "minecraft:impossible"
  },
  "237": {
      "trigger": "minecraft:impossible"
  },
  "238": {
      "trigger": "minecraft:impossible"
  },
  "239": {
      "trigger": "minecraft:impossible"
  },
  "240": {
      "trigger": "minecraft:impossible"
  },
  "241": {
      "trigger": "minecraft:impossible"
  },
  "242": {
      "trigger": "minecraft:impossible"
  },
  "243": {
      "trigger": "minecraft:impossible"
  },
  "244": {
      "trigger": "minecraft:impossible"
  },
  "245": {
      "trigger": "minecraft:impossible"
  },
  "246": {
      "trigger": "minecraft:impossible"
  },
  "247": {
      "trigger": "minecraft:impossible"
  },
  "248": {
      "trigger": "minecraft:impossible"
  },
  "249": {
      "trigger": "minecraft:impossible"
  },
  "250": {
      "trigger": "minecraft:impossible"
  },
  "251": {
      "trigger": "minecraft:impossible"
  },
  "252": {
      "trigger": "minecraft:impossible"
  },
  "253": {
      "trigger": "minecraft:impossible"
  },
  "254": {
      "trigger": "minecraft:impossible"
  },
  "255": {
      "trigger": "minecraft:impossible"
  },
  "256": {
      "trigger": "minecraft:impossible"
  },
  "257": {
      "trigger": "minecraft:impossible"
  },
  "258": {
      "trigger": "minecraft:impossible"
  },
  "259": {
      "trigger": "minecraft:impossible"
  },
  "260": {
      "trigger": "minecraft:impossible"
  },
  "261": {
      "trigger": "minecraft:impossible"
  },
  "262": {
      "trigger": "minecraft:impossible"
  },
  "263": {
      "trigger": "minecraft:impossible"
  },
  "264": {
      "trigger": "minecraft:impossible"
  },
  "265": {
      "trigger": "minecraft:impossible"
  },
  "266": {
      "trigger": "minecraft:impossible"
  },
  "267": {
      "trigger": "minecraft:impossible"
  },
  "268": {
      "trigger": "minecraft:impossible"
  },
  "269": {
      "trigger": "minecraft:impossible"
  },
  "270": {
      "trigger": "minecraft:impossible"
  },
  "271": {
      "trigger": "minecraft:impossible"
  },
  "272": {
      "trigger": "minecraft:impossible"
  },
  "273": {
      "trigger": "minecraft:impossible"
  },
  "274": {
      "trigger": "minecraft:impossible"
  },
  "275": {
      "trigger": "minecraft:impossible"
  },
  "276": {
      "trigger": "minecraft:impossible"
  },
  "277": {
      "trigger": "minecraft:impossible"
  },
  "278": {
      "trigger": "minecraft:impossible"
  },
  "279": {
      "trigger": "minecraft:impossible"
  },
  "280": {
      "trigger": "minecraft:impossible"
  },
  "281": {
      "trigger": "minecraft:impossible"
  },
  "282": {
      "trigger": "minecraft:impossible"
  },
  "283": {
      "trigger": "minecraft:impossible"
  },
  "284": {
      "trigger": "minecraft:impossible"
  },
  "285": {
      "trigger": "minecraft:impossible"
  },
  "286": {
      "trigger": "minecraft:impossible"
  },
  "287": {
      "trigger": "minecraft:impossible"
  },
  "288": {
      "trigger": "minecraft:impossible"
  },
  "289": {
      "trigger": "minecraft:impossible"
  },
  "290": {
      "trigger": "minecraft:impossible"
  },
  "291": {
      "trigger": "minecraft:impossible"
  },
  "292": {
      "trigger": "minecraft:impossible"
  },
  "293": {
      "trigger": "minecraft:impossible"
  },
  "294": {
      "trigger": "minecraft:impossible"
  },
  "295": {
      "trigger": "minecraft:impossible"
  },
  "296": {
      "trigger": "minecraft:impossible"
  },
  "297": {
      "trigger": "minecraft:impossible"
  },
  "298": {
      "trigger": "minecraft:impossible"
  },
  "299": {
      "trigger": "minecraft:impossible"
  },
  "300": {
      "trigger": "minecraft:impossible"
  },
  "301": {
      "trigger": "minecraft:impossible"
  },
  "302": {
      "trigger": "minecraft:impossible"
  },
  "303": {
      "trigger": "minecraft:impossible"
  },
  "304": {
      "trigger": "minecraft:impossible"
  },
  "305": {
      "trigger": "minecraft:impossible"
  },
  "306": {
      "trigger": "minecraft:impossible"
  },
  "307": {
      "trigger": "minecraft:impossible"
  },
  "308": {
      "trigger": "minecraft:impossible"
  },
  "309": {
      "trigger": "minecraft:impossible"
  },
  "310": {
      "trigger": "minecraft:impossible"
  },
  "311": {
      "trigger": "minecraft:impossible"
  },
  "312": {
      "trigger": "minecraft:impossible"
  },
  "313": {
      "trigger": "minecraft:impossible"
  },
  "314": {
      "trigger": "minecraft:impossible"
  },
  "315": {
      "trigger": "minecraft:impossible"
  },
  "316": {
      "trigger": "minecraft:impossible"
  },
  "317": {
      "trigger": "minecraft:impossible"
  },
  "318": {
      "trigger": "minecraft:impossible"
  },
  "319": {
      "trigger": "minecraft:impossible"
  },
  "320": {
      "trigger": "minecraft:impossible"
  },
  "321": {
      "trigger": "minecraft:impossible"
  },
  "322": {
      "trigger": "minecraft:impossible"
  },
  "323": {
      "trigger": "minecraft:impossible"
  },
  "324": {
      "trigger": "minecraft:impossible"
  },
  "325": {
      "trigger": "minecraft:impossible"
  },
  "326": {
      "trigger": "minecraft:impossible"
  },
  "327": {
      "trigger": "minecraft:impossible"
  },
  "328": {
      "trigger": "minecraft:impossible"
  },
  "329": {
      "trigger": "minecraft:impossible"
  },
  "330": {
      "trigger": "minecraft:impossible"
  },
  "331": {
      "trigger": "minecraft:impossible"
  },
  "332": {
      "trigger": "minecraft:impossible"
  },
  "333": {
      "trigger": "minecraft:impossible"
  },
  "334": {
      "trigger": "minecraft:impossible"
  },
  "335": {
      "trigger": "minecraft:impossible"
  },
  "336": {
      "trigger": "minecraft:impossible"
  },
  "337": {
      "trigger": "minecraft:impossible"
  },
  "338": {
      "trigger": "minecraft:impossible"
  },
  "339": {
      "trigger": "minecraft:impossible"
  },
  "340": {
      "trigger": "minecraft:impossible"
  },
  "341": {
      "trigger": "minecraft:impossible"
  },
  "342": {
      "trigger": "minecraft:impossible"
  },
  "343": {
      "trigger": "minecraft:impossible"
  },
  "344": {
      "trigger": "minecraft:impossible"
  },
  "345": {
      "trigger": "minecraft:impossible"
  },
  "346": {
      "trigger": "minecraft:impossible"
  },
  "347": {
      "trigger": "minecraft:impossible"
  },
  "348": {
      "trigger": "minecraft:impossible"
  },
  "349": {
      "trigger": "minecraft:impossible"
  },
  "350": {
      "trigger": "minecraft:impossible"
  },
  "351": {
      "trigger": "minecraft:impossible"
  },
  "352": {
      "trigger": "minecraft:impossible"
  },
  "353": {
      "trigger": "minecraft:impossible"
  },
  "354": {
      "trigger": "minecraft:impossible"
  },
  "355": {
      "trigger": "minecraft:impossible"
  },
  "356": {
      "trigger": "minecraft:impossible"
  },
  "357": {
      "trigger": "minecraft:impossible"
  },
  "358": {
      "trigger": "minecraft:impossible"
  },
  "359": {
      "trigger": "minecraft:impossible"
  },
  "360": {
      "trigger": "minecraft:impossible"
  },
  "361": {
      "trigger": "minecraft:impossible"
  },
  "362": {
      "trigger": "minecraft:impossible"
  },
  "363": {
      "trigger": "minecraft:impossible"
  },
  "364": {
      "trigger": "minecraft:impossible"
  },
  "365": {
      "trigger": "minecraft:impossible"
  },
  "366": {
      "trigger": "minecraft:impossible"
  },
  "367": {
      "trigger": "minecraft:impossible"
  },
  "368": {
      "trigger": "minecraft:impossible"
  },
  "369": {
      "trigger": "minecraft:impossible"
  },
  "370": {
      "trigger": "minecraft:impossible"
  },
  "371": {
      "trigger": "minecraft:impossible"
  },
  "372": {
      "trigger": "minecraft:impossible"
  },
  "373": {
      "trigger": "minecraft:impossible"
  },
  "374": {
      "trigger": "minecraft:impossible"
  },
  "375": {
      "trigger": "minecraft:impossible"
  },
  "376": {
      "trigger": "minecraft:impossible"
  },
  "377": {
      "trigger": "minecraft:impossible"
  },
  "378": {
      "trigger": "minecraft:impossible"
  },
  "379": {
      "trigger": "minecraft:impossible"
  },
  "380": {
      "trigger": "minecraft:impossible"
  },
  "381": {
      "trigger": "minecraft:impossible"
  },
  "382": {
      "trigger": "minecraft:impossible"
  },
  "383": {
      "trigger": "minecraft:impossible"
  },
  "384": {
      "trigger": "minecraft:impossible"
  },
  "385": {
      "trigger": "minecraft:impossible"
  },
  "386": {
      "trigger": "minecraft:impossible"
  },
  "387": {
      "trigger": "minecraft:impossible"
  },
  "388": {
      "trigger": "minecraft:impossible"
  },
  "389": {
      "trigger": "minecraft:impossible"
  },
  "390": {
      "trigger": "minecraft:impossible"
  },
  "391": {
      "trigger": "minecraft:impossible"
  },
  "392": {
      "trigger": "minecraft:impossible"
  },
  "393": {
      "trigger": "minecraft:impossible"
  },
  "394": {
      "trigger": "minecraft:impossible"
  },
  "395": {
      "trigger": "minecraft:impossible"
  },
  "396": {
      "trigger": "minecraft:impossible"
  },
  "397": {
      "trigger": "minecraft:impossible"
  },
  "398": {
      "trigger": "minecraft:impossible"
  },
  "399": {
      "trigger": "minecraft:impossible"
  },
  "400": {
      "trigger": "minecraft:impossible"
  },
  "401": {
      "trigger": "minecraft:impossible"
  },
  "402": {
      "trigger": "minecraft:impossible"
  },
  "403": {
      "trigger": "minecraft:impossible"
  },
  "404": {
      "trigger": "minecraft:impossible"
  },
  "405": {
      "trigger": "minecraft:impossible"
  },
  "406": {
      "trigger": "minecraft:impossible"
  },
  "407": {
      "trigger": "minecraft:impossible"
  },
  "408": {
      "trigger": "minecraft:impossible"
  },
  "409": {
      "trigger": "minecraft:impossible"
  },
  "410": {
      "trigger": "minecraft:impossible"
  },
  "411": {
      "trigger": "minecraft:impossible"
  },
  "412": {
      "trigger": "minecraft:impossible"
  },
  "413": {
      "trigger": "minecraft:impossible"
  },
  "414": {
      "trigger": "minecraft:impossible"
  },
  "415": {
      "trigger": "minecraft:impossible"
  },
  "416": {
      "trigger": "minecraft:impossible"
  },
  "417": {
      "trigger": "minecraft:impossible"
  },
  "418": {
      "trigger": "minecraft:impossible"
  },
  "419": {
      "trigger": "minecraft:impossible"
  },
  "420": {
      "trigger": "minecraft:impossible"
  },
  "421": {
      "trigger": "minecraft:impossible"
  },
  "422": {
      "trigger": "minecraft:impossible"
  },
  "423": {
      "trigger": "minecraft:impossible"
  },
  "424": {
      "trigger": "minecraft:impossible"
  },
  "425": {
      "trigger": "minecraft:impossible"
  },
  "426": {
      "trigger": "minecraft:impossible"
  },
  "427": {
      "trigger": "minecraft:impossible"
  },
  "428": {
      "trigger": "minecraft:impossible"
  },
  "429": {
      "trigger": "minecraft:impossible"
  },
  "430": {
      "trigger": "minecraft:impossible"
  },
  "431": {
      "trigger": "minecraft:impossible"
  },
  "432": {
      "trigger": "minecraft:impossible"
  },
  "433": {
      "trigger": "minecraft:impossible"
  },
  "434": {
      "trigger": "minecraft:impossible"
  },
  "435": {
      "trigger": "minecraft:impossible"
  },
  "436": {
      "trigger": "minecraft:impossible"
  },
  "437": {
      "trigger": "minecraft:impossible"
  },
  "438": {
      "trigger": "minecraft:impossible"
  },
  "439": {
      "trigger": "minecraft:impossible"
  },
  "440": {
      "trigger": "minecraft:impossible"
  },
  "441": {
      "trigger": "minecraft:impossible"
  },
  "442": {
      "trigger": "minecraft:impossible"
  },
  "443": {
      "trigger": "minecraft:impossible"
  },
  "444": {
      "trigger": "minecraft:impossible"
  },
  "445": {
      "trigger": "minecraft:impossible"
  },
  "446": {
      "trigger": "minecraft:impossible"
  },
  "447": {
      "trigger": "minecraft:impossible"
  },
  "448": {
      "trigger": "minecraft:impossible"
  },
  "449": {
      "trigger": "minecraft:impossible"
  },
  "450": {
      "trigger": "minecraft:impossible"
  },
  "451": {
      "trigger": "minecraft:impossible"
  },
  "452": {
      "trigger": "minecraft:impossible"
  },
  "453": {
      "trigger": "minecraft:impossible"
  },
  "454": {
      "trigger": "minecraft:impossible"
  },
  "455": {
      "trigger": "minecraft:impossible"
  },
  "456": {
      "trigger": "minecraft:impossible"
  },
  "457": {
      "trigger": "minecraft:impossible"
  },
  "458": {
      "trigger": "minecraft:impossible"
  },
  "459": {
      "trigger": "minecraft:impossible"
  },
  "460": {
      "trigger": "minecraft:impossible"
  },
  "461": {
      "trigger": "minecraft:impossible"
  },
  "462": {
      "trigger": "minecraft:impossible"
  },
  "463": {
      "trigger": "minecraft:impossible"
  },
  "464": {
      "trigger": "minecraft:impossible"
  },
  "465": {
      "trigger": "minecraft:impossible"
  },
  "466": {
      "trigger": "minecraft:impossible"
  },
  "467": {
      "trigger": "minecraft:impossible"
  },
  "468": {
      "trigger": "minecraft:impossible"
  },
  "469": {
      "trigger": "minecraft:impossible"
  },
  "470": {
      "trigger": "minecraft:impossible"
  },
  "471": {
      "trigger": "minecraft:impossible"
  },
  "472": {
      "trigger": "minecraft:impossible"
  },
  "473": {
      "trigger": "minecraft:impossible"
  },
  "474": {
      "trigger": "minecraft:impossible"
  },
  "475": {
      "trigger": "minecraft:impossible"
  },
  "476": {
      "trigger": "minecraft:impossible"
  },
  "477": {
      "trigger": "minecraft:impossible"
  },
  "478": {
      "trigger": "minecraft:impossible"
  },
  "479": {
      "trigger": "minecraft:impossible"
  },
  "480": {
      "trigger": "minecraft:impossible"
  },
  "481": {
      "trigger": "minecraft:impossible"
  },
  "482": {
      "trigger": "minecraft:impossible"
  },
  "483": {
      "trigger": "minecraft:impossible"
  },
  "484": {
      "trigger": "minecraft:impossible"
  },
  "485": {
      "trigger": "minecraft:impossible"
  },
  "486": {
      "trigger": "minecraft:impossible"
  },
  "487": {
      "trigger": "minecraft:impossible"
  },
  "488": {
      "trigger": "minecraft:impossible"
  },
  "489": {
      "trigger": "minecraft:impossible"
  },
  "490": {
      "trigger": "minecraft:impossible"
  },
  "491": {
      "trigger": "minecraft:impossible"
  },
  "492": {
      "trigger": "minecraft:impossible"
  },
  "493": {
      "trigger": "minecraft:impossible"
  },
  "494": {
      "trigger": "minecraft:impossible"
  },
  "495": {
      "trigger": "minecraft:impossible"
  },
  "496": {
      "trigger": "minecraft:impossible"
  },
  "497": {
      "trigger": "minecraft:impossible"
  },
  "498": {
      "trigger": "minecraft:impossible"
  },
  "499": {
      "trigger": "minecraft:impossible"
  },
  "500": {
      "trigger": "minecraft:impossible"
  },
  "501": {
      "trigger": "minecraft:impossible"
  },
  "502": {
      "trigger": "minecraft:impossible"
  },
  "503": {
      "trigger": "minecraft:impossible"
  },
  "504": {
      "trigger": "minecraft:impossible"
  },
  "505": {
      "trigger": "minecraft:impossible"
  },
  "506": {
      "trigger": "minecraft:impossible"
  },
  "507": {
      "trigger": "minecraft:impossible"
  },
  "508": {
      "trigger": "minecraft:impossible"
  },
  "509": {
      "trigger": "minecraft:impossible"
  },
  "510": {
      "trigger": "minecraft:impossible"
  },
  "511": {
      "trigger": "minecraft:impossible"
  },
  "512": {
      "trigger": "minecraft:impossible"
  },
  "513": {
      "trigger": "minecraft:impossible"
  },
  "514": {
      "trigger": "minecraft:impossible"
  },
  "515": {
      "trigger": "minecraft:impossible"
  },
  "516": {
      "trigger": "minecraft:impossible"
  },
  "517": {
      "trigger": "minecraft:impossible"
  },
  "518": {
      "trigger": "minecraft:impossible"
  },
  "519": {
      "trigger": "minecraft:impossible"
  },
  "520": {
      "trigger": "minecraft:impossible"
  },
  "521": {
      "trigger": "minecraft:impossible"
  },
  "522": {
      "trigger": "minecraft:impossible"
  },
  "523": {
      "trigger": "minecraft:impossible"
  },
  "524": {
      "trigger": "minecraft:impossible"
  },
  "525": {
      "trigger": "minecraft:impossible"
  },
  "526": {
      "trigger": "minecraft:impossible"
  },
  "527": {
      "trigger": "minecraft:impossible"
  },
  "528": {
      "trigger": "minecraft:impossible"
  },
  "529": {
      "trigger": "minecraft:impossible"
  },
  "530": {
      "trigger": "minecraft:impossible"
  },
  "531": {
      "trigger": "minecraft:impossible"
  },
  "532": {
      "trigger": "minecraft:impossible"
  },
  "533": {
      "trigger": "minecraft:impossible"
  },
  "534": {
      "trigger": "minecraft:impossible"
  },
  "535": {
      "trigger": "minecraft:impossible"
  },
  "536": {
      "trigger": "minecraft:impossible"
  },
  "537": {
      "trigger": "minecraft:impossible"
  },
  "538": {
      "trigger": "minecraft:impossible"
  },
  "539": {
      "trigger": "minecraft:impossible"
  },
  "540": {
      "trigger": "minecraft:impossible"
  },
  "541": {
      "trigger": "minecraft:impossible"
  },
  "542": {
      "trigger": "minecraft:impossible"
  },
  "543": {
      "trigger": "minecraft:impossible"
  },
  "544": {
      "trigger": "minecraft:impossible"
  },
  "545": {
      "trigger": "minecraft:impossible"
  },
  "546": {
      "trigger": "minecraft:impossible"
  },
  "547": {
      "trigger": "minecraft:impossible"
  },
  "548": {
      "trigger": "minecraft:impossible"
  },
  "549": {
      "trigger": "minecraft:impossible"
  },
  "550": {
      "trigger": "minecraft:impossible"
  },
  "551": {
      "trigger": "minecraft:impossible"
  },
  "552": {
      "trigger": "minecraft:impossible"
  },
  "553": {
      "trigger": "minecraft:impossible"
  },
  "554": {
      "trigger": "minecraft:impossible"
  },
  "555": {
      "trigger": "minecraft:impossible"
  },
  "556": {
      "trigger": "minecraft:impossible"
  },
  "557": {
      "trigger": "minecraft:impossible"
  },
  "558": {
      "trigger": "minecraft:impossible"
  },
  "559": {
      "trigger": "minecraft:impossible"
  },
  "560": {
      "trigger": "minecraft:impossible"
  },
  "561": {
      "trigger": "minecraft:impossible"
  },
  "562": {
      "trigger": "minecraft:impossible"
  },
  "563": {
      "trigger": "minecraft:impossible"
  },
  "564": {
      "trigger": "minecraft:impossible"
  },
  "565": {
      "trigger": "minecraft:impossible"
  },
  "566": {
      "trigger": "minecraft:impossible"
  },
  "567": {
      "trigger": "minecraft:impossible"
  },
  "568": {
      "trigger": "minecraft:impossible"
  },
  "569": {
      "trigger": "minecraft:impossible"
  },
  "570": {
      "trigger": "minecraft:impossible"
  },
  "571": {
      "trigger": "minecraft:impossible"
  },
  "572": {
      "trigger": "minecraft:impossible"
  },
  "573": {
      "trigger": "minecraft:impossible"
  },
  "574": {
      "trigger": "minecraft:impossible"
  },
  "575": {
      "trigger": "minecraft:impossible"
  },
  "576": {
      "trigger": "minecraft:impossible"
  },
  "577": {
      "trigger": "minecraft:impossible"
  },
  "578": {
      "trigger": "minecraft:impossible"
  },
  "579": {
      "trigger": "minecraft:impossible"
  },
  "580": {
      "trigger": "minecraft:impossible"
  },
  "581": {
      "trigger": "minecraft:impossible"
  },
  "582": {
      "trigger": "minecraft:impossible"
  },
  "583": {
      "trigger": "minecraft:impossible"
  },
  "584": {
      "trigger": "minecraft:impossible"
  },
  "585": {
      "trigger": "minecraft:impossible"
  },
  "586": {
      "trigger": "minecraft:impossible"
  },
  "587": {
      "trigger": "minecraft:impossible"
  },
  "588": {
      "trigger": "minecraft:impossible"
  },
  "589": {
      "trigger": "minecraft:impossible"
  },
  "590": {
      "trigger": "minecraft:impossible"
  },
  "591": {
      "trigger": "minecraft:impossible"
  },
  "592": {
      "trigger": "minecraft:impossible"
  },
  "593": {
      "trigger": "minecraft:impossible"
  },
  "594": {
      "trigger": "minecraft:impossible"
  },
  "595": {
      "trigger": "minecraft:impossible"
  },
  "596": {
      "trigger": "minecraft:impossible"
  },
  "597": {
      "trigger": "minecraft:impossible"
  },
  "598": {
      "trigger": "minecraft:impossible"
  },
  "599": {
      "trigger": "minecraft:impossible"
  },
  "600": {
      "trigger": "minecraft:impossible"
  },
  "601": {
      "trigger": "minecraft:impossible"
  },
  "602": {
      "trigger": "minecraft:impossible"
  },
  "603": {
      "trigger": "minecraft:impossible"
  },
  "604": {
      "trigger": "minecraft:impossible"
  },
  "605": {
      "trigger": "minecraft:impossible"
  },
  "606": {
      "trigger": "minecraft:impossible"
  },
  "607": {
      "trigger": "minecraft:impossible"
  },
  "608": {
      "trigger": "minecraft:impossible"
  },
  "609": {
      "trigger": "minecraft:impossible"
  },
  "610": {
      "trigger": "minecraft:impossible"
  },
  "611": {
      "trigger": "minecraft:impossible"
  },
  "612": {
      "trigger": "minecraft:impossible"
  },
  "613": {
      "trigger": "minecraft:impossible"
  },
  "614": {
      "trigger": "minecraft:impossible"
  },
  "615": {
      "trigger": "minecraft:impossible"
  },
  "616": {
      "trigger": "minecraft:impossible"
  },
  "617": {
      "trigger": "minecraft:impossible"
  },
  "618": {
      "trigger": "minecraft:impossible"
  },
  "619": {
      "trigger": "minecraft:impossible"
  },
  "620": {
      "trigger": "minecraft:impossible"
  },
  "621": {
      "trigger": "minecraft:impossible"
  },
  "622": {
      "trigger": "minecraft:impossible"
  },
  "623": {
      "trigger": "minecraft:impossible"
  },
  "624": {
      "trigger": "minecraft:impossible"
  },
  "625": {
      "trigger": "minecraft:impossible"
  },
  "626": {
      "trigger": "minecraft:impossible"
  },
  "627": {
      "trigger": "minecraft:impossible"
  },
  "628": {
      "trigger": "minecraft:impossible"
  },
  "629": {
      "trigger": "minecraft:impossible"
  },
  "630": {
      "trigger": "minecraft:impossible"
  },
  "631": {
      "trigger": "minecraft:impossible"
  },
  "632": {
      "trigger": "minecraft:impossible"
  },
  "633": {
      "trigger": "minecraft:impossible"
  },
  "634": {
      "trigger": "minecraft:impossible"
  },
  "635": {
      "trigger": "minecraft:impossible"
  },
  "636": {
      "trigger": "minecraft:impossible"
  },
  "637": {
      "trigger": "minecraft:impossible"
  },
  "638": {
      "trigger": "minecraft:impossible"
  },
  "639": {
      "trigger": "minecraft:impossible"
  },
  "640": {
      "trigger": "minecraft:impossible"
  },
  "641": {
      "trigger": "minecraft:impossible"
  },
  "642": {
      "trigger": "minecraft:impossible"
  },
  "643": {
      "trigger": "minecraft:impossible"
  },
  "644": {
      "trigger": "minecraft:impossible"
  },
  "645": {
      "trigger": "minecraft:impossible"
  },
  "646": {
      "trigger": "minecraft:impossible"
  },
  "647": {
      "trigger": "minecraft:impossible"
  },
  "648": {
      "trigger": "minecraft:impossible"
  },
  "649": {
      "trigger": "minecraft:impossible"
  },
  "650": {
      "trigger": "minecraft:impossible"
  },
  "651": {
      "trigger": "minecraft:impossible"
  },
  "652": {
      "trigger": "minecraft:impossible"
  },
  "653": {
      "trigger": "minecraft:impossible"
  },
  "654": {
      "trigger": "minecraft:impossible"
  },
  "655": {
      "trigger": "minecraft:impossible"
  },
  "656": {
      "trigger": "minecraft:impossible"
  },
  "657": {
      "trigger": "minecraft:impossible"
  },
  "658": {
      "trigger": "minecraft:impossible"
  },
  "659": {
      "trigger": "minecraft:impossible"
  },
  "660": {
      "trigger": "minecraft:impossible"
  },
  "661": {
      "trigger": "minecraft:impossible"
  },
  "662": {
      "trigger": "minecraft:impossible"
  },
  "663": {
      "trigger": "minecraft:impossible"
  },
  "664": {
      "trigger": "minecraft:impossible"
  },
  "665": {
      "trigger": "minecraft:impossible"
  },
  "666": {
      "trigger": "minecraft:impossible"
  },
  "667": {
      "trigger": "minecraft:impossible"
  },
  "668": {
      "trigger": "minecraft:impossible"
  },
  "669": {
      "trigger": "minecraft:impossible"
  },
  "670": {
      "trigger": "minecraft:impossible"
  },
  "671": {
      "trigger": "minecraft:impossible"
  },
  "672": {
      "trigger": "minecraft:impossible"
  },
  "673": {
      "trigger": "minecraft:impossible"
  },
  "674": {
      "trigger": "minecraft:impossible"
  },
  "675": {
      "trigger": "minecraft:impossible"
  },
  "676": {
      "trigger": "minecraft:impossible"
  },
  "677": {
      "trigger": "minecraft:impossible"
  },
  "678": {
      "trigger": "minecraft:impossible"
  },
  "679": {
      "trigger": "minecraft:impossible"
  },
  "680": {
      "trigger": "minecraft:impossible"
  },
  "681": {
      "trigger": "minecraft:impossible"
  },
  "682": {
      "trigger": "minecraft:impossible"
  },
  "683": {
      "trigger": "minecraft:impossible"
  },
  "684": {
      "trigger": "minecraft:impossible"
  },
  "685": {
      "trigger": "minecraft:impossible"
  },
  "686": {
      "trigger": "minecraft:impossible"
  },
  "687": {
      "trigger": "minecraft:impossible"
  },
  "688": {
      "trigger": "minecraft:impossible"
  },
  "689": {
      "trigger": "minecraft:impossible"
  },
  "690": {
      "trigger": "minecraft:impossible"
  },
  "691": {
      "trigger": "minecraft:impossible"
  },
  "692": {
      "trigger": "minecraft:impossible"
  },
  "693": {
      "trigger": "minecraft:impossible"
  },
  "694": {
      "trigger": "minecraft:impossible"
  },
  "695": {
      "trigger": "minecraft:impossible"
  },
  "696": {
      "trigger": "minecraft:impossible"
  },
  "697": {
      "trigger": "minecraft:impossible"
  },
  "698": {
      "trigger": "minecraft:impossible"
  },
  "699": {
      "trigger": "minecraft:impossible"
  },
  "700": {
      "trigger": "minecraft:impossible"
  },
  "701": {
      "trigger": "minecraft:impossible"
  },
  "702": {
      "trigger": "minecraft:impossible"
  },
  "703": {
      "trigger": "minecraft:impossible"
  },
  "704": {
      "trigger": "minecraft:impossible"
  },
  "705": {
      "trigger": "minecraft:impossible"
  },
  "706": {
      "trigger": "minecraft:impossible"
  },
  "707": {
      "trigger": "minecraft:impossible"
  },
  "708": {
      "trigger": "minecraft:impossible"
  },
  "709": {
      "trigger": "minecraft:impossible"
  },
  "710": {
      "trigger": "minecraft:impossible"
  },
  "711": {
      "trigger": "minecraft:impossible"
  },
  "712": {
      "trigger": "minecraft:impossible"
  },
  "713": {
      "trigger": "minecraft:impossible"
  },
  "714": {
      "trigger": "minecraft:impossible"
  },
  "715": {
      "trigger": "minecraft:impossible"
  },
  "716": {
      "trigger": "minecraft:impossible"
  },
  "717": {
      "trigger": "minecraft:impossible"
  },
  "718": {
      "trigger": "minecraft:impossible"
  },
  "719": {
      "trigger": "minecraft:impossible"
  },
  "720": {
      "trigger": "minecraft:impossible"
  },
  "721": {
      "trigger": "minecraft:impossible"
  },
  "722": {
      "trigger": "minecraft:impossible"
  },
  "723": {
      "trigger": "minecraft:impossible"
  },
  "724": {
      "trigger": "minecraft:impossible"
  },
  "725": {
      "trigger": "minecraft:impossible"
  },
  "726": {
      "trigger": "minecraft:impossible"
  },
  "727": {
      "trigger": "minecraft:impossible"
  },
  "728": {
      "trigger": "minecraft:impossible"
  },
  "729": {
      "trigger": "minecraft:impossible"
  },
  "730": {
      "trigger": "minecraft:impossible"
  },
  "731": {
      "trigger": "minecraft:impossible"
  },
  "732": {
      "trigger": "minecraft:impossible"
  },
  "733": {
      "trigger": "minecraft:impossible"
  },
  "734": {
      "trigger": "minecraft:impossible"
  },
  "735": {
      "trigger": "minecraft:impossible"
  },
  "736": {
      "trigger": "minecraft:impossible"
  },
  "737": {
      "trigger": "minecraft:impossible"
  },
  "738": {
      "trigger": "minecraft:impossible"
  },
  "739": {
      "trigger": "minecraft:impossible"
  },
  "740": {
      "trigger": "minecraft:impossible"
  },
  "741": {
      "trigger": "minecraft:impossible"
  },
  "742": {
      "trigger": "minecraft:impossible"
  },
  "743": {
      "trigger": "minecraft:impossible"
  },
  "744": {
      "trigger": "minecraft:impossible"
  },
  "745": {
      "trigger": "minecraft:impossible"
  },
  "746": {
      "trigger": "minecraft:impossible"
  },
  "747": {
      "trigger": "minecraft:impossible"
  },
  "748": {
      "trigger": "minecraft:impossible"
  },
  "749": {
      "trigger": "minecraft:impossible"
  },
  "750": {
      "trigger": "minecraft:impossible"
  },
  "751": {
      "trigger": "minecraft:impossible"
  },
  "752": {
      "trigger": "minecraft:impossible"
  },
  "753": {
      "trigger": "minecraft:impossible"
  },
  "754": {
      "trigger": "minecraft:impossible"
  },
  "755": {
      "trigger": "minecraft:impossible"
  },
  "756": {
      "trigger": "minecraft:impossible"
  },
  "757": {
      "trigger": "minecraft:impossible"
  },
  "758": {
      "trigger": "minecraft:impossible"
  },
  "759": {
      "trigger": "minecraft:impossible"
  },
  "760": {
      "trigger": "minecraft:impossible"
  },
  "761": {
      "trigger": "minecraft:impossible"
  },
  "762": {
      "trigger": "minecraft:impossible"
  },
  "763": {
      "trigger": "minecraft:impossible"
  },
  "764": {
      "trigger": "minecraft:impossible"
  },
  "765": {
      "trigger": "minecraft:impossible"
  },
  "766": {
      "trigger": "minecraft:impossible"
  },
  "767": {
      "trigger": "minecraft:impossible"
  },
  "768": {
      "trigger": "minecraft:impossible"
  },
  "769": {
      "trigger": "minecraft:impossible"
  },
  "770": {
      "trigger": "minecraft:impossible"
  },
  "771": {
      "trigger": "minecraft:impossible"
  },
  "772": {
      "trigger": "minecraft:impossible"
  },
  "773": {
      "trigger": "minecraft:impossible"
  },
  "774": {
      "trigger": "minecraft:impossible"
  },
  "775": {
      "trigger": "minecraft:impossible"
  },
  "776": {
      "trigger": "minecraft:impossible"
  },
  "777": {
      "trigger": "minecraft:impossible"
  },
  "778": {
      "trigger": "minecraft:impossible"
  },
  "779": {
      "trigger": "minecraft:impossible"
  },
  "780": {
      "trigger": "minecraft:impossible"
  },
  "781": {
      "trigger": "minecraft:impossible"
  },
  "782": {
      "trigger": "minecraft:impossible"
  },
  "783": {
      "trigger": "minecraft:impossible"
  },
  "784": {
      "trigger": "minecraft:impossible"
  },
  "785": {
      "trigger": "minecraft:impossible"
  },
  "786": {
      "trigger": "minecraft:impossible"
  },
  "787": {
      "trigger": "minecraft:impossible"
  },
  "788": {
      "trigger": "minecraft:impossible"
  },
  "789": {
      "trigger": "minecraft:impossible"
  },
  "790": {
      "trigger": "minecraft:impossible"
  },
  "791": {
      "trigger": "minecraft:impossible"
  },
  "792": {
      "trigger": "minecraft:impossible"
  },
  "793": {
      "trigger": "minecraft:impossible"
  },
  "794": {
      "trigger": "minecraft:impossible"
  },
  "795": {
      "trigger": "minecraft:impossible"
  },
  "796": {
      "trigger": "minecraft:impossible"
  },
  "797": {
      "trigger": "minecraft:impossible"
  },
  "798": {
      "trigger": "minecraft:impossible"
  },
  "799": {
      "trigger": "minecraft:impossible"
  },
  "800": {
      "trigger": "minecraft:impossible"
  },
  "801": {
      "trigger": "minecraft:impossible"
  },
  "802": {
      "trigger": "minecraft:impossible"
  },
  "803": {
      "trigger": "minecraft:impossible"
  },
  "804": {
      "trigger": "minecraft:impossible"
  },
  "805": {
      "trigger": "minecraft:impossible"
  },
  "806": {
      "trigger": "minecraft:impossible"
  },
  "807": {
      "trigger": "minecraft:impossible"
  },
  "808": {
      "trigger": "minecraft:impossible"
  },
  "809": {
      "trigger": "minecraft:impossible"
  },
  "810": {
      "trigger": "minecraft:impossible"
  },
  "811": {
      "trigger": "minecraft:impossible"
  },
  "812": {
      "trigger": "minecraft:impossible"
  },
  "813": {
      "trigger": "minecraft:impossible"
  },
  "814": {
      "trigger": "minecraft:impossible"
  },
  "815": {
      "trigger": "minecraft:impossible"
  },
  "816": {
      "trigger": "minecraft:impossible"
  },
  "817": {
      "trigger": "minecraft:impossible"
  },
  "818": {
      "trigger": "minecraft:impossible"
  },
  "819": {
      "trigger": "minecraft:impossible"
  },
  "820": {
      "trigger": "minecraft:impossible"
  },
  "821": {
      "trigger": "minecraft:impossible"
  },
  "822": {
      "trigger": "minecraft:impossible"
  },
  "823": {
      "trigger": "minecraft:impossible"
  },
  "824": {
      "trigger": "minecraft:impossible"
  },
  "825": {
      "trigger": "minecraft:impossible"
  },
  "826": {
      "trigger": "minecraft:impossible"
  },
  "827": {
      "trigger": "minecraft:impossible"
  },
  "828": {
      "trigger": "minecraft:impossible"
  },
  "829": {
      "trigger": "minecraft:impossible"
  },
  "830": {
      "trigger": "minecraft:impossible"
  },
  "831": {
      "trigger": "minecraft:impossible"
  },
  "832": {
      "trigger": "minecraft:impossible"
  },
  "833": {
      "trigger": "minecraft:impossible"
  },
  "834": {
      "trigger": "minecraft:impossible"
  },
  "835": {
      "trigger": "minecraft:impossible"
  },
  "836": {
      "trigger": "minecraft:impossible"
  },
  "837": {
      "trigger": "minecraft:impossible"
  },
  "838": {
      "trigger": "minecraft:impossible"
  },
  "839": {
      "trigger": "minecraft:impossible"
  },
  "840": {
      "trigger": "minecraft:impossible"
  },
  "841": {
      "trigger": "minecraft:impossible"
  },
  "842": {
      "trigger": "minecraft:impossible"
  },
  "843": {
      "trigger": "minecraft:impossible"
  },
  "844": {
      "trigger": "minecraft:impossible"
  },
  "845": {
      "trigger": "minecraft:impossible"
  },
  "846": {
      "trigger": "minecraft:impossible"
  },
  "847": {
      "trigger": "minecraft:impossible"
  },
  "848": {
      "trigger": "minecraft:impossible"
  },
  "849": {
      "trigger": "minecraft:impossible"
  },
  "850": {
      "trigger": "minecraft:impossible"
  },
  "851": {
      "trigger": "minecraft:impossible"
  },
  "852": {
      "trigger": "minecraft:impossible"
  },
  "853": {
      "trigger": "minecraft:impossible"
  },
  "854": {
      "trigger": "minecraft:impossible"
  },
  "855": {
      "trigger": "minecraft:impossible"
  },
  "856": {
      "trigger": "minecraft:impossible"
  },
  "857": {
      "trigger": "minecraft:impossible"
  },
  "858": {
      "trigger": "minecraft:impossible"
  },
  "859": {
      "trigger": "minecraft:impossible"
  },
  "860": {
      "trigger": "minecraft:impossible"
  },
  "861": {
      "trigger": "minecraft:impossible"
  },
  "862": {
      "trigger": "minecraft:impossible"
  },
  "863": {
      "trigger": "minecraft:impossible"
  },
  "864": {
      "trigger": "minecraft:impossible"
  },
  "865": {
      "trigger": "minecraft:impossible"
  },
  "866": {
      "trigger": "minecraft:impossible"
  },
  "867": {
      "trigger": "minecraft:impossible"
  },
  "868": {
      "trigger": "minecraft:impossible"
  },
  "869": {
      "trigger": "minecraft:impossible"
  },
  "870": {
      "trigger": "minecraft:impossible"
  },
  "871": {
      "trigger": "minecraft:impossible"
  },
  "872": {
      "trigger": "minecraft:impossible"
  },
  "873": {
      "trigger": "minecraft:impossible"
  },
  "874": {
      "trigger": "minecraft:impossible"
  },
  "875": {
      "trigger": "minecraft:impossible"
  },
  "876": {
      "trigger": "minecraft:impossible"
  },
  "877": {
      "trigger": "minecraft:impossible"
  },
  "878": {
      "trigger": "minecraft:impossible"
  },
  "879": {
      "trigger": "minecraft:impossible"
  },
  "880": {
      "trigger": "minecraft:impossible"
  },
  "881": {
      "trigger": "minecraft:impossible"
  },
  "882": {
      "trigger": "minecraft:impossible"
  },
  "883": {
      "trigger": "minecraft:impossible"
  },
  "884": {
      "trigger": "minecraft:impossible"
  },
  "885": {
      "trigger": "minecraft:impossible"
  },
  "886": {
      "trigger": "minecraft:impossible"
  },
  "887": {
      "trigger": "minecraft:impossible"
  },
  "888": {
      "trigger": "minecraft:impossible"
  },
  "889": {
      "trigger": "minecraft:impossible"
  },
  "890": {
      "trigger": "minecraft:impossible"
  },
  "891": {
      "trigger": "minecraft:impossible"
  },
  "892": {
      "trigger": "minecraft:impossible"
  },
  "893": {
      "trigger": "minecraft:impossible"
  },
  "894": {
      "trigger": "minecraft:impossible"
  },
  "895": {
      "trigger": "minecraft:impossible"
  },
  "896": {
      "trigger": "minecraft:impossible"
  },
  "897": {
      "trigger": "minecraft:impossible"
  },
  "898": {
      "trigger": "minecraft:impossible"
  },
  "899": {
      "trigger": "minecraft:impossible"
  },
  "900": {
      "trigger": "minecraft:impossible"
  },
  "901": {
      "trigger": "minecraft:impossible"
  },
  "902": {
      "trigger": "minecraft:impossible"
  },
  "903": {
      "trigger": "minecraft:impossible"
  },
  "904": {
      "trigger": "minecraft:impossible"
  },
  "905": {
      "trigger": "minecraft:impossible"
  },
  "906": {
      "trigger": "minecraft:impossible"
  },
  "907": {
      "trigger": "minecraft:impossible"
  },
  "908": {
      "trigger": "minecraft:impossible"
  },
  "909": {
      "trigger": "minecraft:impossible"
  },
  "910": {
      "trigger": "minecraft:impossible"
  },
  "911": {
      "trigger": "minecraft:impossible"
  },
  "912": {
      "trigger": "minecraft:impossible"
  },
  "913": {
      "trigger": "minecraft:impossible"
  },
  "914": {
      "trigger": "minecraft:impossible"
  },
  "915": {
      "trigger": "minecraft:impossible"
  },
  "916": {
      "trigger": "minecraft:impossible"
  },
  "917": {
      "trigger": "minecraft:impossible"
  },
  "918": {
      "trigger": "minecraft:impossible"
  },
  "919": {
      "trigger": "minecraft:impossible"
  },
  "920": {
      "trigger": "minecraft:impossible"
  },
  "921": {
      "trigger": "minecraft:impossible"
  },
  "922": {
      "trigger": "minecraft:impossible"
  },
  "923": {
      "trigger": "minecraft:impossible"
  },
  "924": {
      "trigger": "minecraft:impossible"
  },
  "925": {
      "trigger": "minecraft:impossible"
  },
  "926": {
      "trigger": "minecraft:impossible"
  },
  "927": {
      "trigger": "minecraft:impossible"
  },
  "928": {
      "trigger": "minecraft:impossible"
  },
  "929": {
      "trigger": "minecraft:impossible"
  },
  "930": {
      "trigger": "minecraft:impossible"
  },
  "931": {
      "trigger": "minecraft:impossible"
  },
  "932": {
      "trigger": "minecraft:impossible"
  },
  "933": {
      "trigger": "minecraft:impossible"
  },
  "934": {
      "trigger": "minecraft:impossible"
  },
  "935": {
      "trigger": "minecraft:impossible"
  },
  "936": {
      "trigger": "minecraft:impossible"
  },
  "937": {
      "trigger": "minecraft:impossible"
  },
  "938": {
      "trigger": "minecraft:impossible"
  },
  "939": {
      "trigger": "minecraft:impossible"
  },
  "940": {
      "trigger": "minecraft:impossible"
  },
  "941": {
      "trigger": "minecraft:impossible"
  },
  "942": {
      "trigger": "minecraft:impossible"
  },
  "943": {
      "trigger": "minecraft:impossible"
  },
  "944": {
      "trigger": "minecraft:impossible"
  },
  "945": {
      "trigger": "minecraft:impossible"
  },
  "946": {
      "trigger": "minecraft:impossible"
  },
  "947": {
      "trigger": "minecraft:impossible"
  },
  "948": {
      "trigger": "minecraft:impossible"
  },
  "949": {
      "trigger": "minecraft:impossible"
  },
  "950": {
      "trigger": "minecraft:impossible"
  },
  "951": {
      "trigger": "minecraft:impossible"
  },
  "952": {
      "trigger": "minecraft:impossible"
  },
  "953": {
      "trigger": "minecraft:impossible"
  },
  "954": {
      "trigger": "minecraft:impossible"
  },
  "955": {
      "trigger": "minecraft:impossible"
  },
  "956": {
      "trigger": "minecraft:impossible"
  },
  "957": {
      "trigger": "minecraft:impossible"
  },
  "958": {
      "trigger": "minecraft:impossible"
  },
  "959": {
      "trigger": "minecraft:impossible"
  },
  "960": {
      "trigger": "minecraft:impossible"
  },
  "961": {
      "trigger": "minecraft:impossible"
  },
  "962": {
      "trigger": "minecraft:impossible"
  },
  "963": {
      "trigger": "minecraft:impossible"
  },
  "964": {
      "trigger": "minecraft:impossible"
  },
  "965": {
      "trigger": "minecraft:impossible"
  },
  "966": {
      "trigger": "minecraft:impossible"
  },
  "967": {
      "trigger": "minecraft:impossible"
  },
  "968": {
      "trigger": "minecraft:impossible"
  },
  "969": {
      "trigger": "minecraft:impossible"
  },
  "970": {
      "trigger": "minecraft:impossible"
  },
  "971": {
      "trigger": "minecraft:impossible"
  },
  "972": {
      "trigger": "minecraft:impossible"
  },
  "973": {
      "trigger": "minecraft:impossible"
  },
  "974": {
      "trigger": "minecraft:impossible"
  },
  "975": {
      "trigger": "minecraft:impossible"
  },
  "976": {
      "trigger": "minecraft:impossible"
  },
  "977": {
      "trigger": "minecraft:impossible"
  },
  "978": {
      "trigger": "minecraft:impossible"
  },
  "979": {
      "trigger": "minecraft:impossible"
  },
  "980": {
      "trigger": "minecraft:impossible"
  },
  "981": {
      "trigger": "minecraft:impossible"
  },
  "982": {
      "trigger": "minecraft:impossible"
  },
  "983": {
      "trigger": "minecraft:impossible"
  },
  "984": {
      "trigger": "minecraft:impossible"
  },
  "985": {
      "trigger": "minecraft:impossible"
  },
  "986": {
      "trigger": "minecraft:impossible"
  },
  "987": {
      "trigger": "minecraft:impossible"
  },
  "988": {
      "trigger": "minecraft:impossible"
  },
  "989": {
      "trigger": "minecraft:impossible"
  },
  "990": {
      "trigger": "minecraft:impossible"
  },
  "991": {
      "trigger": "minecraft:impossible"
  },
  "992": {
      "trigger": "minecraft:impossible"
  },
  "993": {
      "trigger": "minecraft:impossible"
  },
  "994": {
      "trigger": "minecraft:impossible"
  },
  "995": {
      "trigger": "minecraft:impossible"
  },
  "996": {
      "trigger": "minecraft:impossible"
  },
  "997": {
      "trigger": "minecraft:impossible"
  },
  "998": {
      "trigger": "minecraft:impossible"
  },
  "999": {
      "trigger": "minecraft:impossible"
  }
  }
}